<?xml version="1.0" standalone="yes"?>
<DSSettings xmlns="http://tempuri.org/DSSettings.xsd">
  <settings>
    <ConnectionPage>0</ConnectionPage>
    <SqlServer>.</SqlServer>
    <SqlDatabase>master</SqlDatabase>
    <SqlTrusted>true</SqlTrusted>
    <SqlLoginName />
    <OleDbConnect />
    <OraDataSource />
    <OraLoginName />
    <OraMSDriver>false</OraMSDriver>
    <MdiParentMaximized>false</MdiParentMaximized>
    <MdiChildMaximized>false</MdiChildMaximized>
  </settings>
</DSSettings>